Endpoint,Category,Property Name,Present In APIs,Missing In APIs
GET /accounts,Parameter,page,combined_unit_openapi,increase_openapi
GET /accounts,Parameter,filter,combined_unit_openapi,increase_openapi
GET /accounts,Parameter,include,combined_unit_openapi,increase_openapi
GET /accounts,Parameter,cursor,increase_openapi,combined_unit_openapi
GET /accounts,Parameter,limit,increase_openapi,combined_unit_openapi
GET /accounts,Parameter,entity_id,increase_openapi,combined_unit_openapi
GET /accounts,Parameter,informational_entity_id,increase_openapi,combined_unit_openapi
GET /accounts,Parameter,program_id,increase_openapi,combined_unit_openapi
GET /accounts,Parameter,status.in,increase_openapi,combined_unit_openapi
GET /accounts,Parameter,created_at.after,increase_openapi,combined_unit_openapi
GET /accounts,Parameter,created_at.before,increase_openapi,combined_unit_openapi
GET /accounts,Parameter,created_at.on_or_after,increase_openapi,combined_unit_openapi
GET /accounts,Parameter,created_at.on_or_before,increase_openapi,combined_unit_openapi
GET /accounts,Parameter,idempotency_key,increase_openapi,combined_unit_openapi
GET /accounts,Response,data,combined_unit_openapi,increase_openapi
GET /accounts,Response,included,combined_unit_openapi,increase_openapi
GET /accounts,Response,status,combined_unit_openapi,increase_openapi
GET /accounts,Response,title,combined_unit_openapi,increase_openapi
GET /accounts,Response,code,combined_unit_openapi,increase_openapi
GET /accounts,Response,detail,combined_unit_openapi,increase_openapi
GET /accounts,Response,details,combined_unit_openapi,increase_openapi
GET /accounts,Response,source,combined_unit_openapi,increase_openapi
GET /cards,Parameter,page,combined_unit_openapi,increase_openapi
GET /cards,Parameter,filter,combined_unit_openapi,increase_openapi
GET /cards,Parameter,include,combined_unit_openapi,increase_openapi
GET /cards,Parameter,sort,combined_unit_openapi,increase_openapi
GET /cards,Parameter,cursor,increase_openapi,combined_unit_openapi
GET /cards,Parameter,limit,increase_openapi,combined_unit_openapi
GET /cards,Parameter,account_id,increase_openapi,combined_unit_openapi
GET /cards,Parameter,created_at.after,increase_openapi,combined_unit_openapi
GET /cards,Parameter,created_at.before,increase_openapi,combined_unit_openapi
GET /cards,Parameter,created_at.on_or_after,increase_openapi,combined_unit_openapi
GET /cards,Parameter,created_at.on_or_before,increase_openapi,combined_unit_openapi
GET /cards,Parameter,status.in,increase_openapi,combined_unit_openapi
GET /cards,Parameter,idempotency_key,increase_openapi,combined_unit_openapi
GET /cards,Response,data,combined_unit_openapi,increase_openapi
GET /cards,Response,included,combined_unit_openapi,increase_openapi
GET /events,Parameter,page,combined_unit_openapi,increase_openapi
GET /events,Parameter,filter,combined_unit_openapi,increase_openapi
GET /events,Parameter,cursor,increase_openapi,combined_unit_openapi
GET /events,Parameter,limit,increase_openapi,combined_unit_openapi
GET /events,Parameter,created_at.after,increase_openapi,combined_unit_openapi
GET /events,Parameter,created_at.before,increase_openapi,combined_unit_openapi
GET /events,Parameter,created_at.on_or_after,increase_openapi,combined_unit_openapi
GET /events,Parameter,created_at.on_or_before,increase_openapi,combined_unit_openapi
GET /events,Parameter,category.in,increase_openapi,combined_unit_openapi
GET /events,Parameter,associated_object_id,increase_openapi,combined_unit_openapi
GET /events,Response,data,combined_unit_openapi,increase_openapi
GET /transactions,Parameter,page,combined_unit_openapi,increase_openapi
GET /transactions,Parameter,filter,combined_unit_openapi,increase_openapi
GET /transactions,Parameter,sort,combined_unit_openapi,increase_openapi
GET /transactions,Parameter,include,combined_unit_openapi,increase_openapi
GET /transactions,Parameter,cursor,increase_openapi,combined_unit_openapi
GET /transactions,Parameter,limit,increase_openapi,combined_unit_openapi
GET /transactions,Parameter,account_id,increase_openapi,combined_unit_openapi
GET /transactions,Parameter,created_at.after,increase_openapi,combined_unit_openapi
GET /transactions,Parameter,created_at.before,increase_openapi,combined_unit_openapi
GET /transactions,Parameter,created_at.on_or_after,increase_openapi,combined_unit_openapi
GET /transactions,Parameter,created_at.on_or_before,increase_openapi,combined_unit_openapi
GET /transactions,Parameter,category.in,increase_openapi,combined_unit_openapi
GET /transactions,Parameter,route_id,increase_openapi,combined_unit_openapi
GET /transactions,Response,data,combined_unit_openapi,increase_openapi
GET /transactions,Response,included,combined_unit_openapi,increase_openapi
GET /transactions,Response,meta,combined_unit_openapi,increase_openapi
POST /accounts,Request Body,data,combined_unit_openapi,increase_openapi
POST /accounts,Response,data,combined_unit_openapi,increase_openapi
POST /accounts,Response,status,combined_unit_openapi,increase_openapi
POST /accounts,Response,title,combined_unit_openapi,increase_openapi
POST /accounts,Response,code,combined_unit_openapi,increase_openapi
POST /accounts,Response,detail,combined_unit_openapi,increase_openapi
POST /accounts,Response,details,combined_unit_openapi,increase_openapi
POST /accounts,Response,source,combined_unit_openapi,increase_openapi
POST /accounts,Response,meta,combined_unit_openapi,increase_openapi
POST /cards,Request Body,data,combined_unit_openapi,increase_openapi
POST /cards,Response,data,combined_unit_openapi,increase_openapi
